dataset,method,events,mean_rms_s,median_rms_s,median_gain_s,improved_vs_sgc,median_dh_km,median_abs_dz_km,depth_boundary,large_dh,median_runtime_s,total_runtime_s
new30,HSSO-E,30,0.2296239312048719,0.1960736867652207,0.328091560484127,30,10.495941496767838,15.396348520717858,9,4,1.4439296501222998,44.506672599352896
new30,HSSO-no-helix,30,0.22962527611978498,0.196073686765217,0.32809155236074683,30,10.49673008044759,15.54989465496364,9,4,1.3648657999001441,42.79098199727014
new30,LPSO,30,0.22962406380781425,0.19607368676521408,0.3280915572147844,30,10.495459383424492,15.617771685352697,9,4,0.8606533000711352,27.809680100996047
new30,PSO,30,0.22962706950208644,0.1960736867652179,0.32809156167079245,30,10.495998351841472,14.809678221462061,9,4,0.5701894499361515,19.920040898490697
stratified32,HSSO-E,32,0.3665051706723178,0.33995626475968316,0.2053685294330552,32,6.882164956247879,13.70721963494315,12,1,1.5802260502241552,54.696834701579064
stratified32,HSSO-no-helix,32,0.36650545387645284,0.3399562647596869,0.20536852943305378,32,6.8821640395244295,13.707219595142305,12,1,1.6743159999605268,56.17675689840689
stratified32,LPSO,32,0.36650519094469286,0.3399562647596837,0.20536852943305645,32,6.882164190837159,13.707221370171347,12,1,1.1159294999670237,37.10083040082827
stratified32,PSO,32,0.3665051726976497,0.33995626475968255,0.20536852943305228,32,6.882164493417396,13.707216959661068,12,1,0.7241444501560181,26.62205029837787
