dataset,comparison,n,W,p_raw,hsso_e_lower_rms,ties,other_lower_rms,median_paired_difference_s,p_holm
stratified32,HSSO-E vs PSO,32,223.0,0.4540447914041579,18,0,14,-9.71445146547012e-16,1.0
stratified32,HSSO-E vs LPSO,32,237.0,0.6136414307913499,13,1,18,1.2073675392798577e-15,1.0
stratified32,HSSO-E vs HSSO-no-helix,32,208.0,0.30378718534484506,19,0,13,-9.020562075079397e-16,1.0
new30,HSSO-E vs PSO,30,189.0,0.37092265794702894,16,0,14,-1.4988010832439613e-15,1.0
new30,HSSO-E vs LPSO,30,219.5,0.7891646777424939,14,0,16,3.608224830031759e-16,1.0
new30,HSSO-E vs HSSO-no-helix,30,228.0,0.935398668050766,15,0,15,4.579669976578771e-16,1.0
