method,cases,median_horizontal_error_km,median_absolute_depth_error_km,median_3d_error_km,max_3d_error_km,recovered_within_5km,median_terminal_rms_s
PSO,6,1.0154321687262253,2.4402644487193825,2.67288400693651,5.97203032326274,4,0.07234558772462557
LPSO,6,1.0154320275750397,2.440266987591432,2.672886198217656,5.972030614360778,4,0.0723455877246201
HSSO-no-helix,6,1.0154318009251098,2.440265448994424,2.672884644285742,5.972029976745545,4,0.07234558772462132
HSSO-E,6,1.0154321567709823,2.440264574797684,2.6728841040821525,5.972030846791363,4,0.07234558772461973
